<?xml version="1.0" encoding="UTF-8"?>
<project-private xmlns="http://www.netbeans.org/ns/project-private/1">
    <editor-bookmarks xmlns="http://www.netbeans.org/ns/editor-bookmarks/2" lastBookmarkId="0"/>
    <open-files xmlns="http://www.netbeans.org/ns/projectui-open-files/2">
        <group>
            <file>file:/C:/xampp/htdocs/v2/drinks/biblioteca/menu/menu.php</file>
            <file>file:/C:/xampp/htdocs/v2/drinks/index.php</file>
            <file>file:/C:/xampp/htdocs/v2/drinks/login.php</file>
            <file>file:/C:/xampp/htdocs/v2/drinks/biblioteca/menu/menu_abertura.php</file>
            <file>file:/C:/xampp/htdocs/v2/drinks/biblioteca/css/custom.css</file>
            <file>file:/C:/xampp/htdocs/v2/drinks/administrador/estabelecimento/cadastro-estabelecimentos.php</file>
            <file>file:/C:/xampp/htdocs/v2/drinks/biblioteca/include/header.php</file>
            <file>file:/C:/xampp/htdocs/v2/drinks/administrador/produto/cadastrar-produto.php</file>
            <file>file:/C:/xampp/htdocs/v2/drinks/administrador/cliente/cadastro-cliente.php</file>
        </group>
    </open-files>
</project-private>
